Name,Query,Ad_Content,Simulated Feedback,Simulated Justification
Yuyang Zeng,"1. ""Nike basketball shoes for men""",Our comfortable Air Monarch IV training shoes from Nike ensure you're good to gono matter if you're training for a mile run or a marathon. Technology: Lightweight Phylon midsole with full-length Air-Sole units for comfort and cushioning Construction: Leather/synthetic/mesh upper Rubber sole Details: Lace up,1,"The user, Yuyang Zeng, has expressed an interest in basketball, and his query specifically mentions ""Nike basketball shoes for men."" While the ad is for Nike's Air Monarch IV training shoes, which are not explicitly basketball shoes, they are athletic shoes from a brand the user is interested in. This could still align with his interest in basketball and his recent search for related products, making the ad potentially relevant to him."
Yuyang Zeng,"2. ""Durable laptop backpack for engineering students""","The Zoom Grid 15"" TSA Computer Backpack works to provide you the accessories you need for the technology you use every day. Sleek heathered gray material with gray/silver accents. Signature Zoom lining and cord pass through. Main compartment features a tablet sleeve and a mesh organizer pocket. Padded rear TSA laptop compartment for laptops up to 15.6 inches. Padded back and shoulder straps with trolley sleeve. Zoom branding and accents. Complies with Prop 65. 19"" H x 5.25"" W x 11.5"" L",1,"The ad is relevant to Yuyang Zeng's query for a ""durable laptop backpack for engineering students."" As an engineering student at the University of Toronto, Yuyang would likely benefit from a backpack that accommodates technology needs, such as a laptop and tablet. The Zoom Grid 15"" TSA Computer Backpack offers features that align with his requirements, including a padded laptop compartment, tablet sleeve, and additional organizational options, making it a practical choice for carrying his devices and accessories."
Yuyang Zeng,"3. ""Trendy men's winter jackets in Toronto""","The womens ABEO® Galena boot is infused with the ultimate lightweight comfort with heat-retaining materials to keep feet warm and comfortable. A premium water resistant suede upper wicks moisture away, while flex zones promote a smooth transition from heel to forefoot. Strategically placed tread blocks provide traction without adding weight, ideal for everyday wear.Premium water resistant suede upper and moisture-wicking shearling lining.Rear pull tab for an easy on and off wear.Transverse flex grooves mimic a natural barefoot stride. Flex zones promote a smooth transition from heel to forefoot. Removable, cozy shearling-covered footbed.Heat-retaining insole board. Strategically placed tread blocks on the outsole provide traction. - ABEO Galena Winter Boots, Women's, Black, Size: 7 - ABEO Walking Boots. If you like Nordstrom, Zappos, Comfort One Shoes, Vionic Shoes, and Shoes.com, you will love The Walking Company. The Walking Company brings you the best comfort and orthotics from around the world.",0,"The ad is for women's winter boots, specifically the ABEO® Galena boot, which does not match the user's query for ""trendy men's winter jackets in Toronto."" Additionally, the user profile suggests that Yuyang Zeng is interested in men's fashion, making this ad for women's footwear irrelevant to his interests and search intent."
Yuyang Zeng,"4. ""Portable phone charger for travel""","Engenius EP-PTT , Brand New, Durafon PTT Headset, Push To Talk 2-Way Radio Broadcast, Push To Answer - Incoming Calls - Intercom Calls, Push To End Calls, For Use w/ DuraFon 1X & PRO V2.",0,"The ad content is about a two-way radio and headset system, which is not relevant to the user's query for a portable phone charger for travel. The user is looking for a device that can charge a phone on the go, likely a power bank, rather than communication equipment. Additionally, the user's recent searches and interests suggest a focus on travel and technology, but this specific product does not align with their current needs or interests related to portable charging solutions."
Yuyang Zeng,"5. ""High-performance soccer cleats""",Lace up in the Mercurial Vortex III to take over every match and keep all eyes on you. Trophy touch and internal cage lock the foot down while providing a barefoot touch. Die cut EVA sockliner for elite underfoot comfort. TPU outsole gives you ideal traction on firm grass surfaces.,1,"Yuyang Zeng is a 24-year-old male with an interest in soccer, as indicated in his user profile. The query specifically mentions ""high-performance soccer cleats,"" and the ad content describes the Mercurial Vortex III, a type of soccer cleat designed for optimal performance. This directly aligns with Yuyang's interest in soccer and his current search for high-performance soccer cleats, making the ad highly relevant to his needs."
Yuyang Zeng,"6. ""Stylish desk lamp with USB charging port""","This adjustable Mainstays LED Desk Lamp with USB Port can be placed on any desk, table or nightstand for an easy lighting source. It features a colorful finish with a flexible gooseneck that you can adjust to fit your needs. The Mainstays lamp uses less energy and is cooler to the touch than CFL or incandescent bulbs. With 3.5watt highpower LEDs boasting 240 lumens and no need to replace bulbs, it is a definite energy saver. This LED lamp has a convenient on/off switch on the base. It boasts a 15,000hour lifespan and is durable and shatterresistant. The Mainstays LED Desk Lamp contains no mercury, so you will feel free to use it even in a child's bedroom or playroom.This contemporary lamp features a USB port to power phones and tablets. Place it on any flat surface in your room and begin to enjoy the illumination that it provides. Size: 4.7x9.3X14.3. Color: Black. Gender: Unisex. Age Group: Adult.",1,"The ad is relevant to Yuyang Zeng's query for a ""stylish desk lamp with USB charging port."" The Mainstays LED Desk Lamp offers exactly what Yuyang is looking for: a desk lamp with a USB port. Additionally, as a technology enthusiast and a student, the USB charging feature and the energy efficiency of the lamp would likely appeal to him. The contemporary design and functionality align with his interests, making this ad a good match for his needs."
Yuyang Zeng,"7. ""Noise-canceling headphones for studying""","Features:1. LIFELIKE SOUND QUALITY; With V4.1+EDR BlueTooth technology and a CSR AB1512 chipset, this BlueTooth headphone makes music sound like a concert in your ear. CVC6.0 noise cancelling technology reduces background noise, so you can focus on your favorite songs 2. DOUBLE THE PAIRING POSSIBILITIES; Wireless earbuds can pair with two different devices up to 10 meters away at the same time, so you can listen to songs on your phone and your tablet or on your phone and a friend's!3. NEVER MIS",1,"The query specifically mentions ""noise-canceling headphones for studying,"" which aligns with the ad's feature of CVC6.0 noise-canceling technology. As a university engineering student, Yuyang Zeng is likely to benefit from headphones that help reduce background noise while studying. Additionally, technology is one of Yuyang's interests, and the advanced Bluetooth technology and the capability to pair with multiple devices might appeal to his tech-savvy nature."
Yuyang Zeng,"8. ""Compact travel toiletry bag""","Pack smarter with this FLAT toiletry kit. At only 2.25 in thick, you'll be amazed how much you can pack into it! Four compartments keep your essentials organized - no more digging into the bottom to find your razor or floss. Limited Lifetime Warranty against defects in materials and workmanship. Premium self-repairing YKK RC coil zippers ensure a lifetime of opening and closing. Includes a removable hanging hook for those who prefer a countertop kit. Four separate compartments, each 2.25D x 9.25W - center section is 7.75 wide and right side expands to 3.5. Left section is 3.75 wide and lined with PVC film to store damp contents. Center section - 7.75 wide - has a cut-away opening to hold things in place when hanging. Two mesh retainer pockets with elastic binding and an upper mesh pocket that nests into the opening when closed. Right section measures 2.5 wide and the expansion zipper increases the width to 3-12 wide. End section is 1 wide. Webbing grab handle for easy portability.",1,"Yuyang Zeng has an interest in travel, as indicated in his user profile. The query ""Compact travel toiletry bag"" suggests that he is actively looking for travel accessories, which aligns with his interests. The ad content provides a detailed description of a flat, compact toiletry kit that is well-organized and easy to pack, which would likely appeal to someone who is interested in efficient travel solutions. Additionally, the high-quality features such as self-repairing zippers and a lifetime warranty enhance its appeal to a user interested in technology and quality products."
Yuyang Zeng,"9. ""Smartwatch for fitness tracking""","Air Force Instruction AFI 36-2905 Fitness Program Including 3 January 2013 Changes by United States Government Us Air Force Estimated delivery 3-12 business days Format Paperback Condition Brand New Details ISBN 1490562206 ISBN-13 9781490562209 Title Air Force Instruction AFI 36-2905 Fitness Program Including 3 January 2013 Changes Author United States Government Us Air Force Format Paperback Pages 132 Publisher Createspace Dimensions8.5 in. x 0.3 in. x 11 in. GE_Item_ID:77569541; About Us Grand Eagle Retail is the ideal place for all your shopping needs! With fast shipping, low prices, friendly service and over 1,000,000 in stock items - you're bound to find what you want, at a price you'll love! Shipping & Delivery Times Shipping is FREE to any address in USA. Please view eBay estimated delivery times at the top of the listing. Deliveries are made by either USPS or Courier. We are unable to deliver faster than stated. International deliveries will take 1-6 weeks. NOTE: We are unable to offer combined shippi",0,"The query is about finding a ""smartwatch for fitness tracking,"" which indicates Yuyang Zeng is looking for a technological device that can help with monitoring fitness activities. The ad content, however, is for a paperback book titled ""Air Force Instruction AFI 36-2905 Fitness Program,"" which is not relevant to Yuyang's search for a smartwatch. Additionally, the book is related to fitness programs as per the U.S. Air Force and does not match the user's interest in technology or wearable fitness tracking devices. Therefore, the ad would not interest Yuyang."
Yuyang Zeng,"10. ""Lightweight carry-on suitcase for frequent flyers""","This carryon is made of ABS. The major benefits of this material - it is extremely lightweight, it is durable, and protects the contents of your luggage. Four multi directional spinner wheels rotate 360° for easy maneuverability. This luggage allows you to pack more while avoiding the excess weight surcharges imposed by most airlines. Multi-directional spinner wheels for easy maneuverability Modern internal chrome telescoping handle with push button handle. Interior mesh and zip pocket and elastic pocket 5-year warranty 20 in. x 13 in. x 10 in. weighs 7.5 lbs. Color: Orange.",1,"The ad is relevant to Yuyang Zeng's query about a ""lightweight carry-on suitcase for frequent flyers."" The ad highlights the suitcase's lightweight nature, which aligns with Yuyang's requirement. As a frequent flyer, the features such as durability, easy maneuverability with multi-directional spinner wheels, and avoiding excess weight surcharges are appealing. Additionally, as a student who might travel often and has an interest in travel, this product is likely to catch his interest."
